Name,Email,DateOfBirth,AccountBalance
Michael Williams,gabriella03@example.com,1919-10-26,742710
Juan Mitchell,jonessara@example.com,1929-07-10,522267
John Johnston,francisparsons@example.org,2002-05-25,761485
Johnathan Long,jeremyharrington@example.net,1931-02-24,91210
Mark Evans,bakerdavid@example.org,1925-05-26,449106
Brett Archer,cruzmario@example.com,1959-05-29,687507
Brittany Hall,charles02@example.org,1978-09-29,218612
Joseph Rhodes,zmathis@example.org,1992-03-14,735292
Paula Bryant,drobinson@example.com,1975-10-11,707220
Marcus Mitchell,eugenefischer@example.com,1921-08-12,125878
Nicholas Allen,anthony77@example.org,1993-01-17,450107
Stephanie Taylor,mcdanielmichael@example.org,1909-06-09,755644
Lauren Williams,scottfuller@example.org,1943-10-28,614068
Charles Costa,gonzalestonya@example.org,1957-08-15,765236
Brooke Miller,thomaslane@example.com,1992-08-24,98631
Matthew Bryan,brownmariah@example.com,1928-08-13,674734
Daniel Boyer,rodriguezjulie@example.org,1928-01-01,495099
Nicole Cummings,dshort@example.org,1985-06-25,935128
Eric Copeland,marcusedwards@example.org,1921-03-24,872796
John Mcguire,brianbarrett@example.org,1941-04-15,641408
Brittney Smith,utrevino@example.com,1912-12-25,844409
Jessica Wyatt,kim01@example.net,1981-10-31,798491
Vincent Schneider,mmorgan@example.com,2004-05-23,207085
Keith Gonzalez,denisesmith@example.net,1991-10-05,565742
Douglas Miller,tiffanybyrd@example.org,1919-03-11,898675
Sean Dixon,ruben83@example.org,1960-03-27,191736
Cynthia Mack,brittany11@example.com,1928-02-27,814189
Richard Morris,james71@example.com,1960-01-09,878927
Brandy Hogan,tbrowning@example.net,1974-10-22,675002
Jeremiah Johnson,fmiller@example.com,1994-07-06,164192
David Drake,laura13@example.org,1923-02-23,623751
Christina Francis,todd22@example.org,1923-01-02,739480
Mr. Christopher Thompson,jamesregina@example.org,1934-11-12,116512
Kevin Nelson,oanderson@example.com,1947-04-25,667272
William Jones,deborahwalters@example.com,1935-10-25,54457
John Pratt,wagnerlindsay@example.com,1909-02-07,798675
Brian Rogers,nathancook@example.com,1950-01-12,21402
Seth Walker,xanderson@example.org,1949-08-14,963789
John Ramos,matthewbeasley@example.net,1921-06-25,499490
Jonathan Macdonald,regina32@example.com,1986-06-18,173847
Ashley Shah,sandovaljoseph@example.org,1953-03-20,203623
Joseph Hernandez,jacobgrimes@example.com,1994-06-07,511951
Amy Martinez,nhood@example.net,1978-12-06,854655
Sheila Tran,holly74@example.net,1908-12-25,217464
April Herman,benjamin10@example.com,1956-10-03,213088
Anna Sanchez,xsanchez@example.org,1958-09-23,80398
Brandon Warren,aprilwhite@example.net,1930-05-15,22086
Justin Miller,ann07@example.com,1976-04-29,550783
Christian Morgan,staffordrebecca@example.com,1925-09-21,191963
Timothy Lozano,john53@example.org,1984-09-25,705934
Chelsea Anderson,margaret29@example.com,1995-02-07,606997
Kelly Todd,raymond47@example.net,1937-07-17,805719
Phillip Wilson,newmanerica@example.net,1924-05-24,242521
Amy Kelley,murphykaren@example.org,1945-10-30,329576
Eric Brown,michael29@example.net,1924-10-06,186278
Nancy Holland,michael08@example.net,1926-07-19,616314
Richard Harris,angela91@example.net,1976-10-30,501372
Cheryl Ellis,christophermartinez@example.net,1971-03-17,638613
Colleen Sampson,oespinoza@example.net,1980-02-28,878797
John Dodson,luke56@example.org,1936-07-03,233463
Tiffany Carter,garciatasha@example.net,1944-02-03,699582
Colleen Porter,williamskrystal@example.org,2003-12-13,433803
Lisa Rodriguez,qhayes@example.org,1915-10-04,114094
Kaitlin Reyes,orodriguez@example.net,1923-03-28,178688
Angela Lucas,frederickjoshua@example.org,1929-01-31,220951
Teresa Bernard,hawkinskathryn@example.net,1971-07-25,724432
Mike Brown,zwillis@example.net,1998-01-23,376014
Amanda Hampton,leah43@example.net,1922-08-04,552151
Robert Green,christinedavis@example.org,1932-06-01,196418
Thomas White,gregoryandrew@example.org,1917-06-10,179357
Casey Johnston,jesus71@example.org,1950-10-29,988236
Adam Jones,benjamin82@example.com,1960-09-26,23414
Deborah Randall,williamwilliams@example.org,1966-11-15,217468
George Larson,katiephelps@example.com,1926-04-30,959286
Ronald Williams,andrealawrence@example.com,1984-08-10,246480
Joann Ortiz,erik95@example.com,1992-04-05,848175
Kevin Wilson,thomasstephen@example.com,1970-04-22,196233
Cynthia Donaldson,xsimmons@example.com,1952-08-31,433941
Steven Miller,ejordan@example.net,1964-03-08,379773
Katherine Sanchez,josephstephenson@example.org,1932-12-06,398800
Laura Walker,bevans@example.net,1924-05-17,707508
James Rhodes,kaylee88@example.com,1979-07-26,983127
Dawn Salinas,kathy67@example.com,1940-10-12,747687
Kristina Davis,morgansandra@example.org,1979-12-17,422294
Michelle Fuller,danielthomas@example.com,1933-02-09,699553
Jason Mitchell,qholland@example.net,2001-12-10,88226
Michael Ashley,maxwelllee@example.org,1938-10-04,829671
Jeffery Ross,christophermartinez@example.net,1956-06-03,996203
Julia Massey,terrellgregory@example.net,1973-04-29,930838
James Jones,hendersonjoseph@example.org,1910-06-23,643100
Matthew Sutton,kcarter@example.org,2004-04-27,441774
Robert Brooks,andrewvasquez@example.org,1950-06-29,672402
Billy Wood,kcardenas@example.net,1954-03-26,308462
Teresa Blackwell,tzhang@example.net,1975-08-05,294988
Charles Robinson,hamiltonclaudia@example.net,1940-04-22,287598
Dylan Morton,ujones@example.org,1929-08-18,102345
Bruce Moore,dudleyjulia@example.com,1954-07-30,821998
Theresa Jones,schapman@example.net,1970-07-28,984822
Jordan Mcmahon,justin35@example.net,1928-04-06,765569
Dean Sloan,gharris@example.org,1957-08-01,234144
